{"cameraMode":{"drawMode":0,"name":"Shaded","section":"Shading Mode"},"sceneLighting":true,"audioPlay":false,"sceneViewState":{"showFog":false,"showMaterialUpdate":false,"showSkybox":false,"showFlares":false,"showImageEffects":false,"showParticleSystems":false},"in2DMode":false,"pivot":{"x":5.799691200256348,"y":1.3735182285308838,"z":1.2654372453689576},"rotation":{"x":0.18639816343784333,"y":-0.008843593299388886,"z":0.0016721278661862016,"w":0.9824448227882385},"size":6.531336307525635,"orthographic":false}