{"cameraMode":{"drawMode":0,"name":"Shaded","section":"Shading Mode"},"sceneLighting":false,"audioPlay":false,"sceneViewState":{"showFog":false,"showMaterialUpdate":false,"showSkybox":false,"showFlares":false,"showImageEffects":false,"showParticleSystems":false},"in2DMode":false,"pivot":{"x":-0.07273459434509278,"y":-0.31339335441589358,"z":2.6239895820617677},"rotation":{"x":-0.10752525925636292,"y":0.8797199130058289,"z":-0.23808875679969788,"w":-0.39729759097099306},"size":2.580012083053589,"orthographic":false}