{"cameraMode":{"drawMode":0,"name":"Shaded","section":"Shading Mode"},"sceneLighting":false,"audioPlay":false,"sceneViewState":{"showFog":false,"showMaterialUpdate":false,"showSkybox":false,"showFlares":false,"showImageEffects":false,"showParticleSystems":false},"in2DMode":false,"pivot":{"x":-0.42998623847961428,"y":2.4050002098083498,"z":-3.3050005435943605},"rotation":{"x":-0.05624360218644142,"y":0.8303419947624207,"z":-0.08524952083826065,"w":-0.5478184223175049},"size":31.17202377319336,"orthographic":false}