{"cameraMode":{"drawMode":0,"name":"Shaded","section":"Shading Mode"},"sceneLighting":false,"audioPlay":false,"sceneViewState":{"showFog":false,"showMaterialUpdate":false,"showSkybox":false,"showFlares":false,"showImageEffects":false,"showParticleSystems":false},"in2DMode":false,"pivot":{"x":0.265653133392334,"y":-0.4687671661376953,"z":0.4820826053619385},"rotation":{"x":-0.09774264693260193,"y":0.8977424502372742,"z":-0.34748873114585879,"w":-0.25252068042755129},"size":2.886115074157715,"orthographic":false}