{"cameraMode":{"drawMode":0,"name":"Shaded","section":"Shading Mode"},"sceneLighting":true,"audioPlay":false,"sceneViewState":{"showFog":false,"showMaterialUpdate":false,"showSkybox":false,"showFlares":false,"showImageEffects":false,"showParticleSystems":false},"in2DMode":false,"pivot":{"x":-0.33000001311302187,"y":0.7919999957084656,"z":-1.0680001974105836},"rotation":{"x":-0.10292372107505799,"y":-0.45154058933258059,"z":0.052525851875543597,"w":-0.884745717048645},"size":2.106611490249634,"orthographic":false}